Workbook

Sheet DangKyHoc
A1: ma_phieu_dk | B1: ngay_dk | C1: ma_kh | D1: so_hoc_vien | E1: ten_kh | F1: hoc_phi | G1: tong_hoc_phi
A2: PDK001 | B2: 2026-03-01 | C2: TA01 | D2: 1 | E2: =VLOOKUP(C2,KhoaHoc!$A$2:$C$8,2,0) -> Tieng Anh giao tiep | F2: =VLOOKUP(C2,KhoaHoc!$A$2:$C$8,3,0) -> 2500000 | G2: =D2*F2 -> 2500000
A3: PDK002 | B3: 2026-03-02 | C3: TA01 | D3: 5 | E3: =VLOOKUP(C3,KhoaHoc!$A$2:$C$8,2,0) -> Tieng Anh giao tiep | F3: =VLOOKUP(C3,KhoaHoc!$A$2:$C$8,3,0) -> 2500000 | G3: =D3*F3 -> 12500000
A4: PDK003 | B4: 2026-03-03 | C4: TN01 | D4: 5 | E4: =VLOOKUP(C4,KhoaHoc!$A$2:$C$8,2,0) -> Tieng Nhat N5 | F4: =VLOOKUP(C4,KhoaHoc!$A$2:$C$8,3,0) -> 3500000 | G4: =D4*F4 -> 17500000
A5: PDK004 | B5: 2026-03-04 | C5: TH01 | D5: 3 | E5: =VLOOKUP(C5,KhoaHoc!$A$2:$C$8,2,0) -> Tieng Han so cap | F5: =VLOOKUP(C5,KhoaHoc!$A$2:$C$8,3,0) -> 3200000 | G5: =D5*F5 -> 9600000
A6: PDK005 | B6: 2026-03-05 | C6: TE01 | D6: 1 | E6: =VLOOKUP(C6,KhoaHoc!$A$2:$C$8,2,0) -> Tieng Anh tre em | F6: =VLOOKUP(C6,KhoaHoc!$A$2:$C$8,3,0) -> 2000000 | G6: =D6*F6 -> 2000000
A7: PDK006 | B7: 2026-03-06 | C7: TA01 | D7: 2 | E7: =VLOOKUP(C7,KhoaHoc!$A$2:$C$8,2,0) -> Tieng Anh giao tiep | F7: =VLOOKUP(C7,KhoaHoc!$A$2:$C$8,3,0) -> 2500000 | G7: =D7*F7 -> 5000000
A8: PDK007 | B8: 2026-03-07 | C8: TN01 | D8: 2 | E8: =VLOOKUP(C8,KhoaHoc!$A$2:$C$8,2,0) -> Tieng Nhat N5 | F8: =VLOOKUP(C8,KhoaHoc!$A$2:$C$8,3,0) -> 3500000 | G8: =D8*F8 -> 7000000
A9: PDK008 | B9: 2026-03-08 | C9: TN01 | D9: 4 | E9: =VLOOKUP(C9,KhoaHoc!$A$2:$C$8,2,0) -> Tieng Nhat N5 | F9: =VLOOKUP(C9,KhoaHoc!$A$2:$C$8,3,0) -> 3500000 | G9: =D9*F9 -> 14000000
A10: PDK009 | B10: 2026-03-09 | C10: TA02 | D10: 4 | E10: =VLOOKUP(C10,KhoaHoc!$A$2:$C$8,2,0) -> IELTS nen tang | F10: =VLOOKUP(C10,KhoaHoc!$A$2:$C$8,3,0) -> 4500000 | G10: =D10*F10 -> 18000000
A11: PDK010 | B11: 2026-03-10 | C11: TH01 | D11: 2 | E11: =VLOOKUP(C11,KhoaHoc!$A$2:$C$8,2,0) -> Tieng Han so cap | F11: =VLOOKUP(C11,KhoaHoc!$A$2:$C$8,3,0) -> 3200000 | G11: =D11*F11 -> 6400000
A12: PDK011 | B12: 2026-03-11 | C12: TT01 | D12: 3 | E12: =VLOOKUP(C12,KhoaHoc!$A$2:$C$8,2,0) -> Tieng Trung HSK1 | F12: =VLOOKUP(C12,KhoaHoc!$A$2:$C$8,3,0) -> 2800000 | G12: =D12*F12 -> 8400000
A13: PDK012 | B13: 2026-03-12 | C13: TA02 | D13: 2 | E13: =VLOOKUP(C13,KhoaHoc!$A$2:$C$8,2,0) -> IELTS nen tang | F13: =VLOOKUP(C13,KhoaHoc!$A$2:$C$8,3,0) -> 4500000 | G13: =D13*F13 -> 9000000
... A16: PDK015 | B16: 2026-03-15 | C16: TA02 | D16: 1 | E16: =VLOOKUP(C16,KhoaHoc!$A$2:$C$8,2,0) -> IELTS nen tang | F16: =VLOOKUP(C16,KhoaHoc!$A$2:$C$8,3,0) -> 4500000 | G16: =D16*F16 -> 4500000

Sheet KhoaHoc
A1: ma_kh | B1: ten_kh | C1: hoc_phi
A2: TA01 | B2: Tieng Anh giao tiep | C2: 2500000
A3: TA02 | B3: IELTS nen tang | C3: 4500000
A4: TA03 | B4: TOEIC 550 | C4: 3000000
A5: TN01 | B5: Tieng Nhat N5 | C5: 3500000
A6: TH01 | B6: Tieng Han so cap | C6: 3200000
A7: TT01 | B7: Tieng Trung HSK1 | C7: 2800000
A8: TE01 | B8: Tieng Anh tre em | C8: 2000000
